<?xml version="1.0" encoding="UTF-8" standalone="no"?>
<!DOCTYPE Process SYSTEM "../../common/processtemplates/processTemplate.dtd">
<Process name="UEASID_UVERSE_ETM_SCHEDULER_V3" type="BIZLOGIC">
  <Label>UEASID_UVERSE_ETM_SCHEDULER_V3</Label>
  <Description/>
  <Application name="UEASID_UVERSE_ETM_SCHEDULER"/>
  <Category level="0"/>
  <Category level="1"/>
  <Group>Savvion Dev Team</Group>
  <Manager>@CREATOR</Manager>
  <EstimatedDuration>1d</EstimatedDuration>
  <TimeCreated>1499295208215</TimeCreated>
  <Author>vs252n</Author>
  <Version>3</Version>
  <Attributes>
    <Attribute name="Objective" required="false">
      <Label>Objective</Label>
      <Description>Objective for developing this process model. E.g. Objective is to automate order processing</Description>
      <Value/>
    </Attribute>
    <Attribute name="Goal" required="false">
      <Label>Goal</Label>
      <Description>The goal of this process model. E.g. Goal is to reduce order processing cost by 10%</Description>
      <Value/>
    </Attribute>
    <Attribute name="OrganizationalUnit" required="false">
      <Label>Organizational Unit</Label>
      <Description>The organizational unit that owns this process model</Description>
      <Value/>
    </Attribute>
    <Attribute name="Influencers" required="false">
      <Label>Influencers</Label>
      <Description>People who have influenced development of this process model</Description>
      <Value/>
    </Attribute>
    <Attribute name="Risks" required="false">
      <Label>Risks</Label>
      <Description>Risks associated with this process model</Description>
      <Value/>
    </Attribute>
    <Attribute name="Rewards" required="false">
      <Label>Rewards</Label>
      <Description>Potential rewards on investment for this process model</Description>
      <Value/>
    </Attribute>
    <Attribute name="Executable" required="false">
      <Label>Executable</Label>
      <Description>Can the Process  Ever be made executable?</Description>
      <Value>Yes</Value>
    </Attribute>
    <Attribute name="ProcessType" required="true">
      <Label>Process Type</Label>
      <Description>Type of the process</Description>
      <Value>BusinessProcess</Value>
    </Attribute>
  </Attributes>
  <Alerts>
    <Alert name="Default">
      <AlertSeverity>High</AlertSeverity>
      <AlertMessage>This is the default alert.</AlertMessage>
      <AlertDescription/>
      <AlertCondition type="java:expression"/>
      <AlertDelivery type="sbm">
        <AlertRecipient type="USER">${@CREATOR}</AlertRecipient>
      </AlertDelivery>
    </Alert>
  </Alerts>
  <AtomicWS height="36" name="Start" width="36" worktime="false" x="312" y="48">
    <AtomicType>START</AtomicType>
    <Duration value="7200">2h</Duration>
    <Priority>medium</Priority>
    <RollbackPoint>FALSE</RollbackPoint>
    <Simulation distribution="ct" scenario="(default)">
      <Duration value="7200">2h</Duration>
    </Simulation>
  </AtomicWS>
  <AtomicWS height="36" name="End 1" width="36" worktime="false" x="312" y="468">
    <AtomicType>END</AtomicType>
    <PerformingApp type="JSP">End1.jsp</PerformingApp>
    <Duration value="7200">2h</Duration>
    <Priority>medium</Priority>
    <RollbackPoint>FALSE</RollbackPoint>
    <Simulation distribution="ct" scenario="(default)">
      <Duration value="7200">2h</Duration>
    </Simulation>
  </AtomicWS>
  <ExternalWS generate="true" height="60" name="GetFileList" width="108" x="276" y="132">
    <Label>Read Files From Folder</Label>
    <Performer generate="true">com.uverse.mktg.utilities.GetFileList</Performer>
    <PerformBy>readFilesFromFolder</PerformBy>
    <ClosedConnection>TRUE</ClosedConnection>
    <Priority>medium</Priority>
    <PostFunction type="java:function">System.out.println("fileListhm values"+jst.getDataSlotValue("fileListhm"));
System.out.println("fileList values"+jst.getDataSlotValue("FileList"));</PostFunction>
    <Datainput>FileList@setFileList</Datainput>
    <Datainput>fileListhm@setFileListhm</Datainput>
    <Dataoutput>FileList@getFileList</Dataoutput>
    <Dataoutput>fileListhm@getFileListhm</Dataoutput>
    <RollbackPoint>FALSE</RollbackPoint>
    <Simulation distribution="ct" scenario="(default)"/>
    <InlineExecution>FALSE</InlineExecution>
  </ExternalWS>
  <ExternalWS generate="true" height="60" name="Read Bundle File" width="108" x="276" y="252">
    <Label>Read Bundle File</Label>
    <Performer generate="true">com.uverse.mktg.utilities.ImportUtility</Performer>
    <PerformBy>utility</PerformBy>
    <ClosedConnection>TRUE</ClosedConnection>
    <Duration value="7200">2h</Duration>
    <Priority>medium</Priority>
    <PreFunction type="java:function">System.out.println("in read bundle file fileListhm values"+jst.getDataSlotValue("fileListhm"));
System.out.println("in read bundle file fileList values"+jst.getDataSlotValue("FileList"));</PreFunction>
    <Datainput>FileList@setFileList</Datainput>
    <Datainput>loopctr@setLoopctr</Datainput>
    <Datainput>fileListhm@setFileListhm</Datainput>
    <Dataoutput>FileList@getFileList</Dataoutput>
    <Dataoutput>loopctr@getLoopctr</Dataoutput>
    <Dataoutput>fileListhm@getFileListhm</Dataoutput>
    <RollbackPoint>FALSE</RollbackPoint>
    <Simulation distribution="ct" scenario="(default)">
      <Duration value="7200">2h</Duration>
    </Simulation>
    <InlineExecution>FALSE</InlineExecution>
    <Loop>
      <Condition type="java">loopctr &lt; FileList.size()</Condition>
      <Counter variable="@loopctr"/>
    </Loop>
  </ExternalWS>
  <ExternalWS generate="true" height="60" name="SendEmail" width="108" x="276" y="360">
    <Label>Email</Label>
    <Performer generate="true">com.uverse.mktg.utilities.SendEmail</Performer>
    <PerformBy>perform</PerformBy>
    <ClosedConnection>TRUE</ClosedConnection>
    <Duration value="7200">2h</Duration>
    <Priority>medium</Priority>
    <Datainput>fileListhm@setFileListhm</Datainput>
    <Dataoutput>fileListhm@getFileListhm</Dataoutput>
    <RollbackPoint>FALSE</RollbackPoint>
    <Simulation distribution="ct" scenario="(default)">
      <Duration value="7200">2h</Duration>
    </Simulation>
    <InlineExecution>FALSE</InlineExecution>
  </ExternalWS>
  <Link Name="Connection 7" default="true">
    <Label>Connection 7</Label>
    <Source cp="2">SendEmail</Source>
    <Point x="330.0" y="420.0"/>
    <Point x="330.0" y="468.0"/>
    <Target cp="0">End 1</Target>
  </Link>
  <Link Name="Connection 5" default="true">
    <Label>Connection 5</Label>
    <Source cp="2">GetFileList</Source>
    <Point x="330.0" y="192.0"/>
    <Point x="330.0" y="252.0"/>
    <Target cp="0">Read Bundle File</Target>
  </Link>
  <Link Name="Connection 4" default="true">
    <Label>Connection 4</Label>
    <Source cp="2">Read Bundle File</Source>
    <Point x="330.0" y="312.0"/>
    <Point x="330.0" y="360.0"/>
    <Target cp="0">SendEmail</Target>
  </Link>
  <Link Name="Connection 3" default="true">
    <Label>Connection 3</Label>
    <Source cp="2">Start</Source>
    <Point x="330.0" y="84.0"/>
    <Point x="330.0" y="132.0"/>
    <Target cp="0">GetFileList</Target>
  </Link>
  <Dataslot Name="loopctr" category="User" name="loopctr" type="NUMBER">
    <Label>loopctr:</Label>
    <DataType>LONG</DataType>
    <DataValue>0</DataValue>
    <DataSize>256</DataSize>
    <IsPublic>true</IsPublic>
    <MultiLine>false</MultiLine>
    <BizManageAccessFlag>true</BizManageAccessFlag>
    <Access type="PUBLIC" value="true"/>
    <Access type="BIZ_MANAGE_ACCESS" value="true"/>
    <Access type="GLOBAL" value="false"/>
    <Access type="BIZ_SITE_COLUMN" value="false"/>
    <Format editable="true" label="loopctr:" required="false" type="field">
      <Label>loopctr:</Label>
      <Validation>
        <ValidationType/>
      </Validation>
    </Format>
    <Storage type="LONG"/>
  </Dataslot>
  <Dataslot Name="FileList" category="User" name="FileList" type="LIST">
    <Label>FileList:</Label>
    <DataType>LIST</DataType>
    <DataSize>2000</DataSize>
    <IsPublic>true</IsPublic>
    <MultiLine>false</MultiLine>
    <BizManageAccessFlag>false</BizManageAccessFlag>
    <Access type="PUBLIC" value="true"/>
    <Access type="BIZ_MANAGE_ACCESS" value="false"/>
    <Access type="GLOBAL" value="false"/>
    <Access type="BIZ_SITE_COLUMN" value="false"/>
    <Format editable="true" label="FileList:" required="false" type="list">
      <Label>FileList:</Label>
      <Validation>
        <ValidationType/>
      </Validation>
    </Format>
    <Storage type="java.util.Vector"/>
  </Dataslot>
  <Dataslot Name="fileListhm" category="User" name="fileListhm" type="MAP">
    <Label>fileListhm:</Label>
    <DataType>MAP</DataType>
    <Entries valueType="java.lang.String"/>
    <DataSize>2000</DataSize>
    <IsPublic>true</IsPublic>
    <MultiLine>false</MultiLine>
    <BizManageAccessFlag>false</BizManageAccessFlag>
    <Access type="PUBLIC" value="true"/>
    <Access type="BIZ_MANAGE_ACCESS" value="false"/>
    <Access type="GLOBAL" value="false"/>
    <Access type="BIZ_SITE_COLUMN" value="false"/>
    <Format editable="true" label="fileListhm:" required="false" type="">
      <Label>fileListhm:</Label>
      <Validation>
        <ValidationType/>
      </Validation>
    </Format>
    <Storage type="java.util.LinkedHashMap"/>
  </Dataslot>
  <Notes>
    <Note color="255,255,0" connectTo="Read Bundle File" height="88" shape="sticky" width="372" x="444" y="240">&lt;?xml version="1.0" encoding="UTF-8" standalone="no"?&gt;&#13;
&lt;!DOCTYPE Form SYSTEM "form.dtd"&gt;&#13;
&lt;Form tstamp="1442538053091" version="7.0SP1"&gt;&#13;
  &lt;Dataslot Name="FileListhm" category="User" name="FileListhm" type="MAP"&gt;&#13;
    &lt;Label&gt;FileListhm:&lt;/Label&gt;&#13;
    &lt;DataType&gt;MAP&lt;/DataType&gt;&#13;
    &lt;Entries valueType="java.lang.String"/&gt;&#13;
    &lt;DataSize&gt;2000&lt;/DataSize&gt;&#13;
    &lt;IsPublic&gt;true&lt;/IsPublic&gt;&#13;
    &lt;MultiLine&gt;false&lt;/MultiLine&gt;&#13;
    &lt;BizManageAccessFlag&gt;false&lt;/BizManageAccessFlag&gt;&#13;
    &lt;Access type="PUBLIC" value="true"/&gt;&#13;
    &lt;Access type="BIZ_MANAGE_ACCESS" value="false"/&gt;&#13;
    &lt;Access type="GLOBAL" value="false"/&gt;&#13;
    &lt;Access type="BIZ_SITE_COLUMN" value="false"/&gt;&#13;
    &lt;Format editable="true" label="FileListhm:" required="false" type=""&gt;&#13;
      &lt;Label&gt;FileListhm:&lt;/Label&gt;&#13;
      &lt;Validation&gt;&#13;
        &lt;ValidationType/&gt;&#13;
      &lt;/Validation&gt;&#13;
    &lt;/Format&gt;&#13;
    &lt;Storage type="java.util.LinkedHashMap"/&gt;&#13;
  &lt;/Dataslot&gt;&#13;
  &lt;Dataslot Name="FileList" category="User" name="FileList" type="LIST"&gt;&#13;
    &lt;Label&gt;FileList:&lt;/Label&gt;&#13;
    &lt;DataType&gt;LIST&lt;/DataType&gt;&#13;
    &lt;DataSize&gt;2000&lt;/DataSize&gt;&#13;
    &lt;IsPublic&gt;true&lt;/IsPublic&gt;&#13;
    &lt;MultiLine&gt;false&lt;/MultiLine&gt;&#13;
    &lt;BizManageAccessFlag&gt;false&lt;/BizManageAccessFlag&gt;&#13;
    &lt;Access type="PUBLIC" value="true"/&gt;&#13;
    &lt;Access type="BIZ_MANAGE_ACCESS" value="false"/&gt;&#13;
    &lt;Access type="GLOBAL" value="false"/&gt;&#13;
    &lt;Access type="BIZ_SITE_COLUMN" value="false"/&gt;&#13;
    &lt;Format editable="true" label="FileList:" required="false" type="list"&gt;&#13;
      &lt;Label&gt;FileList:&lt;/Label&gt;&#13;
      &lt;Validation&gt;&#13;
        &lt;ValidationType/&gt;&#13;
      &lt;/Validation&gt;&#13;
    &lt;/Format&gt;&#13;
    &lt;Storage type="java.util.Vector"/&gt;&#13;
  &lt;/Dataslot&gt;&#13;
  &lt;Dataslot Name="loopctr" category="User" name="loopctr" type="NUMBER"&gt;&#13;
    &lt;Label&gt;loopctr:&lt;/Label&gt;&#13;
    &lt;DataType&gt;LONG&lt;/DataType&gt;&#13;
    &lt;DataValue&gt;0&lt;/DataValue&gt;&#13;
    &lt;DataSize&gt;256&lt;/DataSize&gt;&#13;
    &lt;IsPublic&gt;true&lt;/IsPublic&gt;&#13;
    &lt;MultiLine&gt;false&lt;/MultiLine&gt;&#13;
    &lt;BizManageAccessFlag&gt;true&lt;/BizManageAccessFlag&gt;&#13;
    &lt;Access type="PUBLIC" value="true"/&gt;&#13;
    &lt;Access type="BIZ_MANAGE_ACCESS" value="true"/&gt;&#13;
    &lt;Access type="GLOBAL" value="false"/&gt;&#13;
    &lt;Access type="BIZ_SITE_COLUMN" value="false"/&gt;&#13;
    &lt;Format editable="true" label="loopctr:" required="false" type="field"&gt;&#13;
      &lt;Label&gt;loopctr:&lt;/Label&gt;&#13;
      &lt;Validation&gt;&#13;
        &lt;ValidationType/&gt;&#13;
      &lt;/Validation&gt;&#13;
    &lt;/Format&gt;&#13;
    &lt;Storage type="LONG"/&gt;&#13;
  &lt;/Dataslot&gt;&#13;
  &lt;DataSources/&gt;&#13;
  &lt;Validation/&gt;&#13;
  &lt;head/&gt;&#13;
  &lt;body&gt;&#13;
    &lt;font color="#000000"&gt;This Adaptor could act as a controller .. based on the loopctr read the filename from List and invoke the required import utility. In the current example just reading the file name from the list based on the loopctr value. &lt;/font&gt;&#13;
  &lt;/body&gt;&#13;
&lt;/Form&gt;&#13;
</Note>
  </Notes>
  <History>
    <Deployed as="UEASID_UVERSE_ETM_SCHEDULER_V3" by="vs252n" on="1499295339686" to="http://d1sav1m1.edc.cingular.net:18723/sbm/deployment">Thu Jul 06 04:25:39 IST 2017</Deployed>
    <Created as="UEASID_UVERSE_ETM_SCHEDULER_V3" by="vs252n" from="UEASID_UVERSE_ETM_SCHEDULER" on="1499295208215">Thu Jul 06 04:23:28 IST 2017</Created>
    <Deployed as="UEASID_UVERSE_ETM_SCHEDULER_V3" by="ebms" on="1507284961104" to="http://localhost:18793/sbm/deployment">Fri Oct 06 15:46:01 IST 2017</Deployed>
  </History>
  <Repository/>
</Process>
